{"initial_reset_timestamp": 1612366204.3402383, "timestamps": [1612366214.7068074, 1612366241.2238216, 1612366281.7477546, 1612366308.3738458, 1612366347.2051635], "episode_lengths": [5, 37, 58, 38, 54], "episode_rewards": [-900.0, 550.0, -1250.0, -650.0, 200.0], "episode_types": ["t", "t", "t", "t", "t"]}